{
   "rgb_68.png": {
      "Time_per_steps": [
         1.1016647815704346,
         1.0177576541900635,
         0.6988615989685059,
         0.5763516426086426,
         0.41764163970947266,
         0.36025404930114746,
         0.4577770233154297,
         0.31288623809814453,
         0.306027889251709,
         0.28569602966308594,
         0.28271937370300293,
         0.30620646476745605,
         0.31793642044067383,
         0.32337212562561035,
         0.303056001663208,
         0.29462385177612305,
         0.3020639419555664,
         0.30207228660583496,
         0.28767967224121094,
         0.2898087501525879
      ],
      "Time_per_steps_detailes": [
         [
            0.24555540084838867,
            0,
            0,
            0.23067212104797363,
            0.3947787284851074,
            0.14879918098449707,
            0.012400150299072266,
            0.0674753189086914,
            0.0019838809967041016
         ],
         [
            0.18348479270935059,
            0,
            0,
            0.16913604736328125,
            0.202864408493042,
            0.39878416061401367,
            0.0,
            0.06150412559509277,
            0.001984119415283203
         ],
         [
            0.15723180770874023,
            0,
            0,
            0.15624094009399414,
            0.17012715339660645,
            0.16070151329040527,
            0.0,
            0.052576303482055664,
            0.0019838809967041016
         ],
         [
            0.14780783653259277,
            0,
            0,
            0.1334245204925537,
            0.22220826148986816,
            0.016863584518432617,
            0.0,
            0.054560184478759766,
            0.0014872550964355469
         ],
         [
            0.14284849166870117,
            0,
            0,
            0.12698698043823242,
            0.07538962364196777,
            0.012399435043334961,
            0.0,
            0.05753612518310547,
            0.0024809837341308594
         ],
         [
            0.12400007247924805,
            0,
            0,
            0.11770987510681152,
            0.04166388511657715,
            0.019343852996826172,
            0.0,
            0.05555248260498047,
            0.0019838809967041016
         ],
         [
            0.12446475028991699,
            0,
            0,
            0.12548828125,
            0.03471970558166504,
            0.12052798271179199,
            0.0,
            0.05108833312988281,
            0.0014879703521728516
         ],
         [
            0.11705589294433594,
            0,
            0,
            0.11051797866821289,
            0.02529621124267578,
            0.00793600082397461,
            0.0,
            0.05009603500366211,
            0.001984119415283203
         ],
         [
            0.11556363105773926,
            0,
            0,
            0.11457610130310059,
            0.019840002059936523,
            0.004960060119628906,
            0.0004961490631103516,
            0.04860806465148926,
            0.0019838809967041016
         ],
         [
            0.11461520195007324,
            0,
            0,
            0.10511231422424316,
            0.009424209594726562,
            0.008928060531616211,
            0.0,
            0.045632123947143555,
            0.001984119415283203
         ],
         [
            0.11259150505065918,
            0,
            0,
            0.10713577270507812,
            0.00843191146850586,
            0.004960060119628906,
            0.0004963874816894531,
            0.047119855880737305,
            0.0019838809967041016
         ],
         [
            0.11934733390808105,
            0,
            0,
            0.10561394691467285,
            0.006943941116333008,
            0.02579188346862793,
            0.0,
            0.04652547836303711,
            0.0019838809967041016
         ],
         [
            0.11953592300415039,
            0,
            0,
            0.11606454849243164,
            0.019840002059936523,
            0.01735997200012207,
            0.0,
            0.0431516170501709,
            0.0019843578338623047
         ],
         [
            0.1294560432434082,
            0,
            0,
            0.1140601634979248,
            0.01884746551513672,
            0.011904001235961914,
            0.0004961490631103516,
            0.046128273010253906,
            0.002480030059814453
         ],
         [
            0.11507153511047363,
            0,
            0,
            0.11259222030639648,
            0.020335912704467773,
            0.00793600082397461,
            0.0,
            0.0451359748840332,
            0.0019843578338623047
         ],
         [
            0.11308741569519043,
            0,
            0,
            0.10812854766845703,
            0.011904001235961914,
            0.007439613342285156,
            0.0,
            0.05208015441894531,
            0.001984119415283203
         ],
         [
            0.12300825119018555,
            0,
            0,
            0.11457610130310059,
            0.009423971176147461,
            0.006448030471801758,
            0.0,
            0.046623945236206055,
            0.001983642578125
         ],
         [
            0.11557626724243164,
            0,
            0,
            0.1215200424194336,
            0.005952119827270508,
            0.011408090591430664,
            0.0,
            0.04563164710998535,
            0.001984119415283203
         ],
         [
            0.11903953552246094,
            0,
            0,
            0.11011195182800293,
            0.007439851760864258,
            0.004960298538208008,
            0.0,
            0.044144392013549805,
            0.001983642578125
         ],
         [
            0.11308765411376953,
            0,
            0,
            0.11031770706176758,
            0.005951642990112305,
            0.011377096176147461,
            0.0,
            0.047091007232666016,
            0.001983642578125
         ]
      ],
      "Image_Labelled": true,
      "NB_labelled_plants": 193,
      "NB_RALs": 204,
      "TP": 184,
      "FN": 9,
      "FP": 20,
      "InterPlantDistance": 30,
      "RAL_Fuse_Factor": 0.5,
      "RALs_fill_factor": 1.5,
      "RALs_recorded_count": [
         321,
         246,
         225,
         208,
         205,
         201,
         206,
         199,
         197,
         197,
         199,
         199,
         213,
         209,
         204,
         202,
         200,
         200,
         204,
         204,
         204
      ]
   },
   "rgb_70.png": {
      "Time_per_steps": [
         1.1115362644195557,
         1.175574541091919,
         0.6383535861968994,
         0.4890561103820801,
         0.608100175857544,
         0.3422400951385498,
         0.3655526638031006,
         0.37200069427490234,
         0.37018609046936035,
         0.34423255920410156,
         0.3100004196166992,
         0.30454444885253906,
         0.2906167507171631,
         0.282224178314209,
         0.29561662673950195,
         0.2787513732910156
      ],